<?xml version="1.0" encoding="UTF-8" standalone="no"?>
<beans xmlns="http://www.springframework.org/schema/beans"
       xmlns:aop="http://www.springframework.org/schema/aop"
       xmlns:context="http://www.springframework.org/schema/context"
       xmlns:jee="http://www.springframework.org/schema/jee" 
       xmlns:tx="http://www.springframework.org/schema/tx"
       xmlns:xsi="http://www.w3.org/2001/XMLSchema-instance"
       xsi:schemaLocation="http://www.springframework.org/schema/aop http://www.springframework.org/schema/aop/spring-aop-3.0.xsd   
       http://www.springframework.org/schema/beans http://www.springframework.org/schema/beans/spring-beans-3.0.xsd   
       http://www.springframework.org/schema/context http://www.springframework.org/schema/context/spring-context-3.0.xsd   
       http://www.springframework.org/schema/jee http://www.springframework.org/schema/jee/spring-jee-3.0.xsd   
       http://www.springframework.org/schema/tx http://www.springframework.org/schema/tx/spring-tx-3.0.xsd">

    <bean id="appleSpeakerImpl" class="name.lizhe.impl.AppleSpeaker"> </bean>
    
    <bean id="myRMIServer"  class="org.springframework.remoting.rmi.RmiServiceExporter">
      <property name="serviceName" value="speaker"></property>
      <property name="service" ref="appleSpeakerImpl"></property>
      <property name="serviceInterface" value="name.lizhe.inter.Speaker"></property>
      <property name="registryPort" value="8888"></property>
    </bean>

</beans>
