<?xml version="1.0" encoding="UTF-8" standalone="no"?>
<beans xmlns="http://www.springframework.org/schema/beans"
	xmlns:aop="http://www.springframework.org/schema/aop" xmlns:context="http://www.springframework.org/schema/context"
	xmlns:jee="http://www.springframework.org/schema/jee" xmlns:tx="http://www.springframework.org/schema/tx"
	xmlns:xsi="http://www.w3.org/2001/XMLSchema-instance" xmlns:jaxws="http://cxf.apache.org/jaxws"
	xsi:schemaLocation="http://cxf.apache.org/jaxws   http://cxf.apache.org/schemas/jaxws.xsd
       http://www.springframework.org/schema/aop http://www.springframework.org/schema/aop/spring-aop-3.0.xsd   
       http://www.springframework.org/schema/beans http://www.springframework.org/schema/beans/spring-beans-3.0.xsd   
       http://www.springframework.org/schema/context http://www.springframework.org/schema/context/spring-context-3.0.xsd   
       http://www.springframework.org/schema/jee http://www.springframework.org/schema/jee/spring-jee-3.0.xsd   
       http://www.springframework.org/schema/tx http://www.springframework.org/schema/tx/spring-tx-3.0.xsd">
       
    <context:annotation-config />  

	<bean id="helloImpl" class="name.lizhe.service.HelloWorldImpl" />
	
	<jaxws:endpoint id="helloWorld" implementor="#helloImpl"
		address="/HelloWorld" />

	<jaxws:server id="helloworld" serviceClass="name.lizhe.service.HelloWorld"
		address="/Users">
		<jaxws:serviceBean>
			<ref bean="helloImpl" />
		</jaxws:serviceBean>
	</jaxws:server>
	
<!-- 	<bean id="bb" class="name.lizhe.bo.BusinessBean" lazy-init="false"></bean> -->

</beans>
